FISING.GUILD;ECOLOGICAL.VUL;SENSITIVITY;ADAPTIVE.CAP;
A Coruna_mix;0.000;1.000;0.956;
A Guarda;0.490;0.000;0.084;
Aguino;0.197;0.812;0.506;
Baiona;0.822;0.173;0.873;
Bueu;0.221;0.099;0.797;
Burela;0.140;0.433;0.047;
Camarinas;0.881;0.180;0.000;
Camelle;0.951;0.250;0.657;
Cangas;0.994;0.185;0.791;
Carino;0.999;0.305;0.353;
Cedeira;0.827;0.546;0.079;
Celeiro;0.006;0.352;0.338;
Corme;0.790;0.125;0.349;
Espasante;0.936;0.231;0.696;
Ferrol;0.810;0.322;0.898;
Finisterra;0.724;0.612;0.680;
Laxe;0.950;0.080;0.638;
Malpica;0.168;0.338;1.000;
Muxia;0.701;0.233;0.627;
O Barqueiro;0.123;0.248;0.662;
O Grove;0.409;0.043;0.351;
O Vicedo;0.100;0.357;0.539;
Porto do Son;1.000;0.356;0.713;
Vigo;0.535;0.279;0.596;