fishing.guild;SOCIOECOLOGICAL_VUL;Concello
A Coruna_mix;0.55;Coruña, A
A Guarda;0.96;Guarda, A
Aguino;0.81;Ribeira
Baiona;0.92;Baiona
Bueu;0.53;Bueu
Burela;0.84;Burela
Camarinas;1.26;Camariñas
Camelle;1.09;Camariñas
Cangas;1.10;Cangas
Carino;1.25;Cariño
Cedeira;1.33;Cedeira
Celeiro;0.62;Viveiro
Corme;1.03;Ponteceso
Espasante;1.04;Ortigueira
Ferrol;0.84;Ferrol
Finisterra;1.08;Fisterra
Laxe;1.02;Laxe
Malpica;0.45;Malpica de Bergantiños
Muxia;0.93;Muxía
O Barqueiro;0.51;Mañón
O Grove;0.85;Grove, O
O Vicedo;0.66;Vicedo, O
Porto do Son;1.13;Porto do Son
Vigo;0.86;Vigo