fishing.guild;POUCHN;WORK.OPE;EMPLOY.DIF;PROFIT;SENSITIVITY
A Guarda;0.00;0.32;0.24;0.38;0.23
Baiona;0.15;0.53;0.10;0.45;0.31
Bueu;0.08;0.48;0.09;0.46;0.28
Cangas;0.15;0.52;0.12;0.46;0.31
O Grove;0.23;0.31;0.16;0.31;0.25
Vigo;1.00;0.02;0.00;0.41;0.36
A Coruna_mix;1.00;0.49;0.27;0.95;0.68
Aguino;NA;1.00;0.59;0.44;0.68
Camarinas;0.02;0.47;0.64;0.16;0.32
Camelle;0.02;0.57;0.61;0.20;0.35
Carino;0.03;0.41;0.71;0.33;0.37
Cedeira;0.03;0.65;0.64;0.62;0.48
Corme;0.02;0.42;0.54;0.20;0.29
Espasante;0.03;0.45;0.73;0.15;0.34
Ferrol;0.11;0.57;0.49;0.36;0.38
Finisterra;0.80;0.48;0.65;0.13;0.52
Laxe;0.02;0.32;0.56;0.20;0.27
Malpica;0.15;0.50;0.48;0.43;0.39
Muxia;0.02;0.42;0.61;0.32;0.34
O Barqueiro;0.03;0.42;0.77;0.18;0.35
Porto do Son;NA;0.42;0.52;0.13;0.36
Burela;0.17;0.08;0.94;0.48;0.42
Celeiro;0.23;0.28;0.93;0.14;0.39
O Vicedo;0.23;0.21;0.98;0.16;0.40
Ribadeo;0.05;0.00;0.92;0.09;0.27