fishing.guild;CLIME;QUANTITY_CHANGE;HABITAT;DIMENSION;MODALITY
A Coruna_mix;0.33;0.61;0.46;EXPOSURE;FOOT
A Guarda;0.71;0.73;0.24;EXPOSURE;FOOT
Aguino;0.87;0.48;1.00;EXPOSURE;FOOT
Baiona;0.71;0.69;0.13;EXPOSURE;FOOT
Burela;0.46;0.27;0.06;EXPOSURE;FOOT
Camarinas;0.71;0.42;0.05;EXPOSURE;FOOT
Celeiro;0.36;0.22;0.08;EXPOSURE;FOOT
Corme;0.71;0.58;0.12;EXPOSURE;FOOT
Ferrol;0.85;0.47;0.18;EXPOSURE;FOOT
Finisterra;0.73;0.48;0.01;EXPOSURE;FOOT
Laxe;0.71;0.43;0.03;EXPOSURE;FOOT
Malpica;0.47;0.40;0.19;EXPOSURE;FOOT
Muxia;0.71;0.75;0.18;EXPOSURE;FOOT
O Grove;0.67;0.19;0.02;EXPOSURE;FOOT
Porto do Son;0.73;0.56;0.02;EXPOSURE;FOOT
Ribadeo;0.57;0.46;0.08;EXPOSURE;FOOT
Vigo;0.97;0.00;0.00;EXPOSURE;FOOT
A Coruna_mix;0.33;0.63;0.46;EXPOSURE;BOAT
A Guarda;0.56;0.52;0.24;EXPOSURE;BOAT
Aguino;0.73;0.90;1.00;EXPOSURE;BOAT
Baiona;0.63;0.57;0.13;EXPOSURE;BOAT
Bueu;0.60;0.19;0.14;EXPOSURE;BOAT
Burela;0.35;0.31;0.06;EXPOSURE;BOAT
Camarinas;0.60;0.55;0.05;EXPOSURE;BOAT
Camelle;0.60;0.68;0.13;EXPOSURE;BOAT
Cangas;0.82;0.52;0.16;EXPOSURE;BOAT
Carino;0.87;0.42;0.11;EXPOSURE;BOAT
Cedeira;0.37;0.82;0.12;EXPOSURE;BOAT
Celeiro;0.25;0.34;0.08;EXPOSURE;BOAT
Corme;0.60;0.57;0.13;EXPOSURE;BOAT
Espasante;0.87;0.34;0.07;EXPOSURE;BOAT
Ferrol;0.70;0.54;0.19;EXPOSURE;BOAT
Finisterra;0.61;0.51;0.12;EXPOSURE;BOAT
Laxe;0.60;0.59;0.04;EXPOSURE;BOAT
Malpica;0.41;0.40;0.19;EXPOSURE;BOAT
Muxia;0.60;0.56;0.18;EXPOSURE;BOAT
O Barqueiro;0.25;0.34;0.00;EXPOSURE;BOAT
O Grove;0.60;0.21;0.02;EXPOSURE;BOAT
O Vicedo;0.25;0.32;0.00;EXPOSURE;BOAT
Porto do Son;0.61;0.59;0.02;EXPOSURE;BOAT
Vigo;0.82;0.05;0.00;EXPOSURE;BOAT