FISHING.GUILD;EXPOSUREN;SENSITIVITYN;RECOVERY.POTN
A Coruna_mix;0.000;0.820;0.459
A Guarda;0.600;0.977;0.239
Aguino;0.855;0.649;1.000
Baiona;0.602;0.927;0.130
Burela;0.201;0.356;0.060
Camarinas;0.594;0.559;0.046
Celeiro;0.047;0.292;0.080
Corme;0.594;0.772;0.124
Ferrol;0.821;0.626;0.182
Finisterra;0.622;0.638;0.012
Laxe;0.594;0.578;0.031
Malpica;0.226;0.530;0.187
Muxia;0.594;1.000;0.180
O Grove;0.537;0.250;0.018
Porto do Son;0.622;0.747;0.015
Ribadeo;0.376;0.613;0.077
Vigo;1.000;0.000;0.000