province;fishing.guild;turfID;Temp;PP
Pontevedra;A Guarda;1;13.01;105.33
Pontevedra;Aldan;2;14.45;91.57
Pontevedra;Baiona;3;15.21;84.69
Pontevedra;Bueu;4;14.45;91.57
Pontevedra;Cangas;5;15.97;102.07
Pontevedra;O Grove;6;15.16;81.15
Pontevedra;Vigo;7;15.97;102.07
A Coruna;A Coruna_mix;8;14.23;56.82
A Coruna;Aguino;9;15.09;101.41
A Coruna;Caion;10;13.39;78.70
A Coruna;Camarinas;11;14.52;90.73
A Coruna;Camelle;12;14.52;90.73
A Coruna;Carino;13;14.68;126.79
A Coruna;Cedeira;14;13.27;75.70
A Coruna;Corme;15;14.52;90.73
A Coruna;Espasante;16;14.68;126.79
A Coruna;Ferrol;17;14.48;105.09
A Coruna;Finisterra;18;14.41;93.47
A Coruna;Laxe;19;14.52;90.73
A Coruna;Lira;20;14.41;93.47
A Coruna;Malpica;21;13.39;78.70
A Coruna;Muros;22;14.41;93.47
A Coruna;Muxia;23;14.52;90.73
A Coruna;O Barqueiro;24;10.83;91.78
A Coruna;O Pindo;25;14.41;93.47
A Coruna;Porto do Son;26;14.41;93.47
A Coruna;Ribeira;27;14.94;90.39
Lugo;San cosme;28;13.44;76.34
Lugo;Burela;29;11.84;91.78
Lugo;Celeiro;30;10.83;91.78
Lugo;O Vicedo;31;10.83;91.78
Lugo;Ribadeo;32;14.12;81.04
Lugo;San Cibrao;33;11.84;91.78