province;fishing.guild;turfID;bank.length
Pontevedra;A Guarda;1;67580.06
Pontevedra;Baiona;3;40645.01
Pontevedra;Bueu;4;41849.25
Pontevedra;Cangas;5;46912.92
Pontevedra;O Grove;6;12774.85
Pontevedra;Vigo;7;8423.78
A Coruna;A Coruna_mix;8;121874.83
A Coruna;Aguino;9;270204.54
A Coruna;Camarinas;11;19876.64
A Coruna;Camelle;12;40395.77
A Coruna;Carino;13;36463.87
A Coruna;Cedeira;14;37403.23
A Coruna;Corme;15;39099.48
A Coruna;Espasante;16;24357.58
A Coruna;Ferrol;17;53346.14
A Coruna;Finisterra;18;38515.17
A Coruna;Laxe;19;16164.42
A Coruna;Malpica;21;54627.68
A Coruna;Muxia;23;52881.89
A Coruna;O Barqueiro;24;8149.07
A Coruna;Porto do Son;26;12251.78
A Coruna;O Pindo;25;13717.41
Lugo;Burela;29;23206.17
Lugo;Celeiro;30;28132.41
Lugo;O Vicedo;31;7218.98
Lugo;Ribadeo;32;27519.02